"ccode","year","mass_repression"
2,1943,0
2,1944,0
2,1945,0
2,1946,0
2,1947,0
2,1948,0
2,1949,0
2,1950,0
2,1951,0
2,1952,0
2,1953,0
2,1954,0
2,1955,0
2,1956,0
2,1957,0
2,1958,0
2,1959,0
2,1960,0
2,1961,0
2,1962,0
2,1963,0
2,1964,0
2,1965,0
2,1966,0
2,1967,0
2,1968,0
2,1969,0
2,1970,0
2,1971,0
2,1972,0
2,1973,0
2,1974,0
2,1975,0
2,1976,0
2,1977,0
2,1978,0
2,1979,0
2,1980,0
2,1981,0
2,1982,0
2,1983,0
2,1984,0
2,1985,0
2,1986,0
2,1987,0
2,1988,0
20,1943,0
20,1944,0
20,1945,0
20,1946,0
20,1947,0
20,1948,0
20,1949,0
20,1950,0
20,1951,0
20,1952,0
20,1953,0
20,1954,0
20,1955,0
20,1956,0
20,1957,0
20,1958,0
20,1959,0
20,1960,0
20,1961,0
20,1962,0
20,1963,0
20,1964,0
20,1965,0
20,1966,0
20,1967,0
20,1968,0
20,1969,0
20,1970,0
20,1971,0
20,1972,0
20,1973,0
20,1974,0
20,1975,0
20,1976,0
20,1977,0
20,1978,0
20,1979,0
20,1980,0
20,1981,0
20,1982,0
20,1983,0
20,1984,0
20,1985,0
20,1986,0
20,1987,0
20,1988,0
31,1973,0
31,1974,0
31,1975,0
31,1976,0
31,1977,0
31,1978,0
31,1979,0
31,1980,0
31,1981,0
31,1982,0
31,1983,0
31,1984,0
31,1985,0
31,1986,0
31,1987,0
31,1988,0
40,1943,0
40,1944,0
40,1945,0
40,1946,0
40,1947,0
40,1948,0
40,1949,0
40,1950,0
40,1951,0
40,1952,0
40,1953,0
40,1954,0
40,1955,0
40,1956,0
40,1957,0
40,1958,0
40,1959,0
40,1960,0
40,1961,0
40,1962,0
40,1963,0
40,1964,0
40,1965,0
40,1966,0
40,1967,0
40,1968,0
40,1969,0
40,1970,0
40,1971,0
40,1972,0
40,1973,0
40,1974,0
40,1975,0
40,1976,0
40,1977,0
40,1978,0
40,1979,0
40,1980,0
40,1981,0
40,1982,0
40,1983,0
40,1984,0
40,1985,0
40,1986,0
40,1987,0
40,1988,0
41,1943,0
41,1944,0
41,1945,0
41,1946,0
41,1947,0
41,1948,0
41,1949,0
41,1950,0
41,1951,0
41,1952,0
41,1953,0
41,1954,0
41,1955,0
41,1956,0
41,1957,0
41,1958,0
41,1959,0
41,1960,0
41,1961,0
41,1962,0
41,1963,0
41,1964,0
41,1965,0
41,1966,0
41,1967,0
41,1968,0
41,1969,0
41,1970,0
41,1971,0
41,1972,0
41,1973,0
41,1974,0
41,1975,0
41,1976,0
41,1977,0
41,1978,0
41,1979,0
41,1980,0
41,1981,0
41,1982,0
41,1983,0
41,1984,0
41,1985,0
41,1986,0
41,1987,0
41,1988,0
42,1943,0
42,1944,0
42,1945,0
42,1946,0
42,1947,0
42,1948,0
42,1949,0
42,1950,0
42,1951,0
42,1952,0
42,1953,0
42,1954,0
42,1955,0
42,1956,0
42,1957,0
42,1958,0
42,1959,0
42,1960,0
42,1961,0
42,1962,0
42,1963,0
42,1964,0
42,1965,0
42,1966,0
42,1967,0
42,1968,0
42,1969,0
42,1970,0
42,1971,0
42,1972,0
42,1973,0
42,1974,0
42,1975,0
42,1976,0
42,1977,0
42,1978,0
42,1979,0
42,1980,0
42,1981,0
42,1982,0
42,1983,0
42,1984,0
42,1985,0
42,1986,0
42,1987,0
42,1988,0
51,1962,0
51,1963,0
51,1964,0
51,1965,0
51,1966,0
51,1967,0
51,1968,0
51,1969,0
51,1970,0
51,1971,0
51,1972,0
51,1973,0
51,1974,0
51,1975,0
51,1976,0
51,1977,0
51,1978,0
51,1979,0
51,1980,0
51,1981,0
51,1982,0
51,1983,0
51,1984,0
51,1985,0
51,1986,0
51,1987,0
51,1988,0
52,1962,0
52,1963,0
52,1964,0
52,1965,0
52,1966,0
52,1967,0
52,1968,0
52,1969,0
52,1970,0
52,1971,0
52,1972,0
52,1973,0
52,1974,0
52,1975,0
52,1976,0
52,1977,0
52,1978,0
52,1979,0
52,1980,0
52,1981,0
52,1982,0
52,1983,0
52,1984,0
52,1985,0
52,1986,0
52,1987,0
52,1988,0
53,1966,0
53,1967,0
53,1968,0
53,1969,0
53,1970,0
53,1971,0
53,1972,0
53,1973,0
53,1974,0
53,1975,0
53,1976,0
53,1977,0
53,1978,0
53,1979,0
53,1980,0
53,1981,0
53,1982,0
53,1983,0
53,1984,0
53,1985,0
53,1986,0
53,1987,0
53,1988,0
54,1978,0
54,1979,0
54,1980,0
54,1981,0
54,1982,0
54,1983,0
54,1984,0
54,1985,0
54,1986,0
54,1987,0
54,1988,0
55,1974,0
55,1975,0
55,1976,0
55,1977,0
55,1978,0
55,1979,0
55,1980,0
55,1981,0
55,1982,0
55,1983,0
55,1984,0
55,1985,0
55,1986,0
55,1987,0
55,1988,0
56,1979,0
56,1980,0
56,1981,0
56,1982,0
56,1983,0
56,1984,0
56,1985,0
56,1986,0
56,1987,0
56,1988,0
57,1979,0
57,1980,0
57,1981,0
57,1982,0
57,1983,0
57,1984,0
57,1985,0
57,1986,0
57,1987,0
57,1988,0
58,1981,0
58,1982,0
58,1983,0
58,1984,0
58,1985,0
58,1986,0
58,1987,0
58,1988,0
60,1983,0
60,1984,0
60,1985,0
60,1986,0
60,1987,0
60,1988,0
70,1943,0
70,1944,0
70,1945,0
70,1946,0
70,1947,0
70,1948,0
70,1949,0
70,1950,0
70,1951,0
70,1952,0
70,1953,0
70,1954,0
70,1955,0
70,1956,0
70,1957,0
70,1958,0
70,1959,0
70,1960,0
70,1961,0
70,1962,0
70,1963,0
70,1964,0
70,1965,0
70,1966,0
70,1967,0
70,1968,0
70,1969,0
70,1970,0
70,1971,0
70,1972,0
70,1973,0
70,1974,0
70,1975,0
70,1976,0
70,1977,0
70,1978,0
70,1979,0
70,1980,0
70,1981,0
70,1982,0
70,1983,0
70,1984,0
70,1985,0
70,1986,0
70,1987,0
70,1988,0
80,1981,0
80,1982,0
80,1983,0
80,1984,0
80,1985,0
80,1986,0
80,1987,0
80,1988,0
90,1943,0
90,1944,0
90,1945,0
90,1946,0
90,1947,0
90,1948,0
90,1949,0
90,1950,0
90,1951,0
90,1952,0
90,1953,0
90,1954,0
90,1955,0
90,1956,0
90,1957,0
90,1958,0
90,1959,0
90,1960,0
90,1961,0
90,1962,0
90,1963,0
90,1964,0
90,1965,0
90,1966,1
90,1967,1
90,1968,1
90,1969,1
90,1970,1
90,1971,1
90,1972,1
90,1973,1
90,1974,1
90,1975,1
90,1976,1
90,1977,1
90,1978,1
90,1979,1
90,1980,1
90,1981,1
90,1982,1
90,1983,1
90,1984,1
90,1985,0
90,1986,0
90,1987,0
90,1988,0
91,1943,0
91,1944,0
91,1945,0
91,1946,0
91,1947,0
91,1948,0
91,1949,0
91,1950,0
91,1951,0
91,1952,0
91,1953,0
91,1954,0
91,1955,0
91,1956,0
91,1957,0
91,1958,0
91,1959,0
91,1960,0
91,1961,0
91,1962,0
91,1963,0
91,1964,0
91,1965,0
91,1966,0
91,1967,0
91,1968,0
91,1969,0
91,1970,0
91,1971,0
91,1972,0
91,1973,0
91,1974,0
91,1975,0
91,1976,0
91,1977,0
91,1978,0
91,1979,0
91,1980,0
91,1981,0
91,1982,0
91,1983,0
91,1984,0
91,1985,0
91,1986,0
91,1987,0
91,1988,0
92,1943,0
92,1944,0
92,1945,0
92,1946,0
92,1947,0
92,1948,0
92,1949,0
92,1950,0
92,1951,0
92,1952,0
92,1953,0
92,1954,0
92,1955,0
92,1956,0
92,1957,0
92,1958,0
92,1959,0
92,1960,0
92,1961,0
92,1962,0
92,1963,0
92,1964,0
92,1965,0
92,1966,0
92,1967,0
92,1968,0
92,1969,0
92,1970,0
92,1971,0
92,1972,0
92,1973,0
92,1974,0
92,1975,0
92,1976,0
92,1977,0
92,1978,0
92,1979,0
92,1980,1
92,1981,1
92,1982,1
92,1983,1
92,1984,1
92,1985,1
92,1986,1
92,1987,1
92,1988,1
93,1943,0
93,1944,0
93,1945,0
93,1946,0
93,1947,0
93,1948,0
93,1949,0
93,1950,0
93,1951,0
93,1952,0
93,1953,0
93,1954,0
93,1955,0
93,1956,0
93,1957,0
93,1958,0
93,1959,0
93,1960,0
93,1961,0
93,1962,0
93,1963,0
93,1964,0
93,1965,0
93,1966,0
93,1967,0
93,1968,0
93,1969,0
93,1970,0
93,1971,0
93,1972,0
93,1973,0
93,1974,0
93,1975,0
93,1976,0
93,1977,0
93,1978,0
93,1979,0
93,1980,0
93,1981,0
93,1982,0
93,1983,0
93,1984,0
93,1985,0
93,1986,0
93,1987,0
93,1988,0
94,1943,0
94,1944,0
94,1945,0
94,1946,0
94,1947,0
94,1948,0
94,1949,0
94,1950,0
94,1951,0
94,1952,0
94,1953,0
94,1954,0
94,1955,0
94,1956,0
94,1957,0
94,1958,0
94,1959,0
94,1960,0
94,1961,0
94,1962,0
94,1963,0
94,1964,0
94,1965,0
94,1966,0
94,1967,0
94,1968,0
94,1969,0
94,1970,0
94,1971,0
94,1972,0
94,1973,0
94,1974,0
94,1975,0
94,1976,0
94,1977,0
94,1978,0
94,1979,0
94,1980,0
94,1981,0
94,1982,0
94,1983,0
94,1984,0
94,1985,0
94,1986,0
94,1987,0
94,1988,0
95,1943,0
95,1944,0
95,1945,0
95,1946,0
95,1947,0
95,1948,0
95,1949,0
95,1950,0
95,1951,0
95,1952,0
95,1953,0
95,1954,0
95,1955,0
95,1956,0
95,1957,0
95,1958,0
95,1959,0
95,1960,0
95,1961,0
95,1962,0
95,1963,0
95,1964,0
95,1965,0
95,1966,0
95,1967,0
95,1968,0
95,1969,0
95,1970,0
95,1971,0
95,1972,0
95,1973,0
95,1974,0
95,1975,0
95,1976,0
95,1977,0
95,1978,0
95,1979,0
95,1980,0
95,1981,0
95,1982,0
95,1983,0
95,1984,0
95,1985,0
95,1986,0
95,1987,0
95,1988,0
100,1943,0
100,1944,0
100,1945,0
100,1946,0
100,1947,0
100,1948,0
100,1949,0
100,1950,0
100,1951,0
100,1952,0
100,1953,0
100,1954,0
100,1955,0
100,1956,0
100,1957,0
100,1958,0
100,1959,0
100,1960,0
100,1961,0
100,1962,0
100,1963,0
100,1964,0
100,1965,0
100,1966,0
100,1967,0
100,1968,0
100,1969,0
100,1970,0
100,1971,0
100,1972,0
100,1973,0
100,1974,0
100,1975,0
100,1976,0
100,1977,0
100,1978,0
100,1979,0
100,1980,0
100,1981,0
100,1982,0
100,1983,0
100,1984,0
100,1985,0
100,1986,0
100,1987,0
100,1988,0
101,1943,0
101,1944,0
101,1945,0
101,1946,0
101,1947,0
101,1948,0
101,1949,0
101,1950,0
101,1951,0
101,1952,0
101,1953,0
101,1954,0
101,1955,0
101,1956,0
101,1957,0
101,1958,0
101,1959,0
101,1960,0
101,1961,0
101,1962,0
101,1963,0
101,1964,0
101,1965,0
101,1966,0
101,1967,0
101,1968,0
101,1969,0
101,1970,0
101,1971,0
101,1972,0
101,1973,0
101,1974,0
101,1975,0
101,1976,0
101,1977,0
101,1978,0
101,1979,0
101,1980,0
101,1981,0
101,1982,0
101,1983,0
101,1984,0
101,1985,0
101,1986,0
101,1987,0
101,1988,0
110,1966,0
110,1967,0
110,1968,0
110,1969,0
110,1970,0
110,1971,0
110,1972,0
110,1973,0
110,1974,0
110,1975,0
110,1976,0
110,1977,0
110,1978,0
110,1979,0
110,1980,0
110,1981,0
110,1982,0
110,1983,0
110,1984,0
110,1985,0
110,1986,0
110,1987,0
110,1988,0
115,1975,0
115,1976,0
115,1977,0
115,1978,0
115,1979,0
115,1980,0
115,1981,0
115,1982,0
115,1983,0
115,1984,0
115,1985,0
115,1986,0
115,1987,0
115,1988,0
130,1943,0
130,1944,0
130,1945,0
130,1946,0
130,1947,0
130,1948,0
130,1949,0
130,1950,0
130,1951,0
130,1952,0
130,1953,0
130,1954,0
130,1955,0
130,1956,0
130,1957,0
130,1958,0
130,1959,0
130,1960,0
130,1961,0
130,1962,0
130,1963,0
130,1964,0
130,1965,0
130,1966,0
130,1967,0
130,1968,0
130,1969,0
130,1970,0
130,1971,0
130,1972,0
130,1973,0
130,1974,0
130,1975,0
130,1976,0
130,1977,0
130,1978,0
130,1979,0
130,1980,0
130,1981,0
130,1982,0
130,1983,0
130,1984,0
130,1985,0
130,1986,0
130,1987,0
130,1988,0
135,1943,0
135,1944,0
135,1945,0
135,1946,0
135,1947,0
135,1948,0
135,1949,0
135,1950,0
135,1951,0
135,1952,0
135,1953,0
135,1954,0
135,1955,0
135,1956,0
135,1957,0
135,1958,0
135,1959,0
135,1960,0
135,1961,0
135,1962,0
135,1963,0
135,1964,0
135,1965,0
135,1966,0
135,1967,0
135,1968,0
135,1969,0
135,1970,0
135,1971,0
135,1972,0
135,1973,0
135,1974,0
135,1975,0
135,1976,0
135,1977,0
135,1978,0
135,1979,0
135,1980,0
135,1981,0
135,1982,0
135,1983,0
135,1984,0
135,1985,0
135,1986,0
135,1987,0
135,1988,0
140,1943,0
140,1944,0
140,1945,0
140,1946,0
140,1947,0
140,1948,0
140,1949,0
140,1950,0
140,1951,0
140,1952,0
140,1953,0
140,1954,0
140,1955,0
140,1956,0
140,1957,0
140,1958,0
140,1959,0
140,1960,0
140,1961,0
140,1962,0
140,1963,0
140,1964,0
140,1965,0
140,1966,0
140,1967,0
140,1968,0
140,1969,0
140,1970,0
140,1971,0
140,1972,0
140,1973,0
140,1974,0
140,1975,0
140,1976,0
140,1977,0
140,1978,0
140,1979,0
140,1980,0
140,1981,0
140,1982,0
140,1983,0
140,1984,0
140,1985,0
140,1986,0
140,1987,0
140,1988,0
145,1943,0
145,1944,0
145,1945,0
145,1946,0
145,1947,0
145,1948,0
145,1949,0
145,1950,0
145,1951,0
145,1952,0
145,1953,0
145,1954,0
145,1955,0
145,1956,0
145,1957,0
145,1958,0
145,1959,0
145,1960,0
145,1961,0
145,1962,0
145,1963,0
145,1964,0
145,1965,0
145,1966,0
145,1967,0
145,1968,0
145,1969,0
145,1970,0
145,1971,0
145,1972,0
145,1973,0
145,1974,0
145,1975,0
145,1976,0
145,1977,0
145,1978,0
145,1979,0
145,1980,0
145,1981,0
145,1982,0
145,1983,0
145,1984,0
145,1985,0
145,1986,0
145,1987,0
145,1988,0
150,1943,0
150,1944,0
150,1945,0
150,1946,0
150,1947,0
150,1948,0
150,1949,0
150,1950,0
150,1951,0
150,1952,0
150,1953,0
150,1954,0
150,1955,0
150,1956,0
150,1957,0
150,1958,0
150,1959,0
150,1960,0
150,1961,0
150,1962,1
150,1963,1
150,1964,1
150,1965,1
150,1966,1
150,1967,1
150,1968,1
150,1969,1
150,1970,1
150,1971,1
150,1972,1
150,1973,0
150,1974,0
150,1975,0
150,1976,0
150,1977,0
150,1978,0
150,1979,0
150,1980,0
150,1981,0
150,1982,0
150,1983,0
150,1984,0
150,1985,0
150,1986,0
150,1987,0
150,1988,0
155,1943,0
155,1944,0
155,1945,0
155,1946,0
155,1947,0
155,1948,0
155,1949,0
155,1950,0
155,1951,0
155,1952,0
155,1953,0
155,1954,0
155,1955,0
155,1956,0
155,1957,0
155,1958,0
155,1959,0
155,1960,0
155,1961,0
155,1962,0
155,1963,0
155,1964,0
155,1965,0
155,1966,0
155,1967,0
155,1968,0
155,1969,0
155,1970,0
155,1971,0
155,1972,0
155,1973,1
155,1974,1
155,1975,1
155,1976,1
155,1977,0
155,1978,0
155,1979,0
155,1980,0
155,1981,0
155,1982,0
155,1983,0
155,1984,0
155,1985,0
155,1986,0
155,1987,0
155,1988,0
160,1943,0
160,1944,0
160,1945,0
160,1946,0
160,1947,0
160,1948,0
160,1949,0
160,1950,0
160,1951,0
160,1952,0
160,1953,0
160,1954,0
160,1955,0
160,1956,0
160,1957,0
160,1958,0
160,1959,0
160,1960,0
160,1961,0
160,1962,0
160,1963,0
160,1964,0
160,1965,0
160,1966,0
160,1967,0
160,1968,0
160,1969,0
160,1970,0
160,1971,0
160,1972,0
160,1973,0
160,1974,0
160,1975,0
160,1976,1
160,1977,1
160,1978,1
160,1979,1
160,1980,1
160,1981,0
160,1982,0
160,1983,0
160,1984,0
160,1985,0
160,1986,0
160,1987,0
160,1988,0
165,1943,0
165,1944,0
165,1945,0
165,1946,0
165,1947,0
165,1948,0
165,1949,0
165,1950,0
165,1951,0
165,1952,0
165,1953,0
165,1954,0
165,1955,0
165,1956,0
165,1957,0
165,1958,0
165,1959,0
165,1960,0
165,1961,0
165,1962,0
165,1963,0
165,1964,0
165,1965,0
165,1966,0
165,1967,0
165,1968,0
165,1969,0
165,1970,0
165,1971,0
165,1972,0
165,1973,0
165,1974,0
165,1975,0
165,1976,0
165,1977,0
165,1978,0
165,1979,0
165,1980,0
165,1981,0
165,1982,0
165,1983,0
165,1984,0
165,1985,0
165,1986,0
165,1987,0
165,1988,0
200,1943,0
200,1944,0
200,1945,0
200,1946,0
200,1947,0
200,1948,0
200,1949,0
200,1950,0
200,1951,0
200,1952,0
200,1953,0
200,1954,0
200,1955,0
200,1956,0
200,1957,0
200,1958,0
200,1959,0
200,1960,0
200,1961,0
200,1962,0
200,1963,0
200,1964,0
200,1965,0
200,1966,0
200,1967,0
200,1968,0
200,1969,0
200,1970,0
200,1971,0
200,1972,0
200,1973,0
200,1974,0
200,1975,0
200,1976,0
200,1977,0
200,1978,0
200,1979,0
200,1980,0
200,1981,0
200,1982,0
200,1983,0
200,1984,0
200,1985,0
200,1986,0
200,1987,0
200,1988,0
205,1943,0
205,1944,0
205,1945,0
205,1946,0
205,1947,0
205,1948,0
205,1949,0
205,1950,0
205,1951,0
205,1952,0
205,1953,0
205,1954,0
205,1955,0
205,1956,0
205,1957,0
205,1958,0
205,1959,0
205,1960,0
205,1961,0
205,1962,0
205,1963,0
205,1964,0
205,1965,0
205,1966,0
205,1967,0
205,1968,0
205,1969,0
205,1970,0
205,1971,0
205,1972,0
205,1973,0
205,1974,0
205,1975,0
205,1976,0
205,1977,0
205,1978,0
205,1979,0
205,1980,0
205,1981,0
205,1982,0
205,1983,0
205,1984,0
205,1985,0
205,1986,0
205,1987,0
205,1988,0
210,1945,0
210,1946,0
210,1947,0
210,1948,0
210,1949,0
210,1950,0
210,1951,0
210,1952,0
210,1953,0
210,1954,0
210,1955,0
210,1956,0
210,1957,0
210,1958,0
210,1959,0
210,1960,0
210,1961,0
210,1962,0
210,1963,0
210,1964,0
210,1965,0
210,1966,0
210,1967,0
210,1968,0
210,1969,0
210,1970,0
210,1971,0
210,1972,0
210,1973,0
210,1974,0
210,1975,0
210,1976,0
210,1977,0
210,1978,0
210,1979,0
210,1980,0
210,1981,0
210,1982,0
210,1983,0
210,1984,0
210,1985,0
210,1986,0
210,1987,0
210,1988,0
211,1945,0
211,1946,0
211,1947,0
211,1948,0
211,1949,0
211,1950,0
211,1951,0
211,1952,0
211,1953,0
211,1954,0
211,1955,0
211,1956,0
211,1957,0
211,1958,0
211,1959,0
211,1960,0
211,1961,0
211,1962,0
211,1963,0
211,1964,0
211,1965,0
211,1966,0
211,1967,0
211,1968,0
211,1969,0
211,1970,0
211,1971,0
211,1972,0
211,1973,0
211,1974,0
211,1975,0
211,1976,0
211,1977,0
211,1978,0
211,1979,0
211,1980,0
211,1981,0
211,1982,0
211,1983,0
211,1984,0
211,1985,0
211,1986,0
211,1987,0
211,1988,0
212,1944,0
212,1945,0
212,1946,0
212,1947,0
212,1948,0
212,1949,0
212,1950,0
212,1951,0
212,1952,0
212,1953,0
212,1954,0
212,1955,0
212,1956,0
212,1957,0
212,1958,0
212,1959,0
212,1960,0
212,1961,0
212,1962,0
212,1963,0
212,1964,0
212,1965,0
212,1966,0
212,1967,0
212,1968,0
212,1969,0
212,1970,0
212,1971,0
212,1972,0
212,1973,0
212,1974,0
212,1975,0
212,1976,0
212,1977,0
212,1978,0
212,1979,0
212,1980,0
212,1981,0
212,1982,0
212,1983,0
212,1984,0
212,1985,0
212,1986,0
212,1987,0
212,1988,0
220,1944,0
220,1945,0
220,1946,0
220,1947,0
220,1948,0
220,1949,0
220,1950,0
220,1951,0
220,1952,0
220,1953,0
220,1954,0
220,1955,0
220,1956,0
220,1957,0
220,1958,0
220,1959,0
220,1960,0
220,1961,0
220,1962,0
220,1963,0
220,1964,0
220,1965,0
220,1966,0
220,1967,0
220,1968,0
220,1969,0
220,1970,0
220,1971,0
220,1972,0
220,1973,0
220,1974,0
220,1975,0
220,1976,0
220,1977,0
220,1978,0
220,1979,0
220,1980,0
220,1981,0
220,1982,0
220,1983,0
220,1984,0
220,1985,0
220,1986,0
220,1987,0
220,1988,0
225,1943,0
225,1944,0
225,1945,0
225,1946,0
225,1947,0
225,1948,0
225,1949,0
225,1950,0
225,1951,0
225,1952,0
225,1953,0
225,1954,0
225,1955,0
225,1956,0
225,1957,0
225,1958,0
225,1959,0
225,1960,0
225,1961,0
225,1962,0
225,1963,0
225,1964,0
225,1965,0
225,1966,0
225,1967,0
225,1968,0
225,1969,0
225,1970,0
225,1971,0
225,1972,0
225,1973,0
225,1974,0
225,1975,0
225,1976,0
225,1977,0
225,1978,0
225,1979,0
225,1980,0
225,1981,0
225,1982,0
225,1983,0
225,1984,0
225,1985,0
225,1986,0
225,1987,0
225,1988,0
230,1943,0
230,1944,0
230,1945,0
230,1946,0
230,1947,0
230,1948,0
230,1949,0
230,1950,0
230,1951,0
230,1952,0
230,1953,0
230,1954,0
230,1955,0
230,1956,0
230,1957,0
230,1958,0
230,1959,0
230,1960,0
230,1961,0
230,1962,0
230,1963,0
230,1964,0
230,1965,0
230,1966,0
230,1967,0
230,1968,0
230,1969,0
230,1970,0
230,1971,0
230,1972,0
230,1973,0
230,1974,0
230,1975,0
230,1976,0
230,1977,0
230,1978,0
230,1979,0
230,1980,0
230,1981,0
230,1982,0
230,1983,0
230,1984,0
230,1985,0
230,1986,0
230,1987,0
230,1988,0
235,1943,0
235,1944,0
235,1945,0
235,1946,0
235,1947,0
235,1948,0
235,1949,0
235,1950,0
235,1951,0
235,1952,0
235,1953,0
235,1954,0
235,1955,0
235,1956,0
235,1957,0
235,1958,0
235,1959,0
235,1960,0
235,1961,0
235,1962,0
235,1963,0
235,1964,0
235,1965,0
235,1966,0
235,1967,0
235,1968,0
235,1969,0
235,1970,0
235,1971,0
235,1972,0
235,1973,0
235,1974,0
235,1975,0
235,1976,0
235,1977,0
235,1978,0
235,1979,0
235,1980,0
235,1981,0
235,1982,0
235,1983,0
235,1984,0
235,1985,0
235,1986,0
235,1987,0
235,1988,0
255,1943,0
255,1944,0
255,1945,0
260,1955,0
260,1956,0
260,1957,0
260,1958,0
260,1959,0
260,1960,0
260,1961,0
260,1962,0
260,1963,0
260,1964,0
260,1965,0
260,1966,0
260,1967,0
260,1968,0
260,1969,0
260,1970,0
260,1971,0
260,1972,0
260,1973,0
260,1974,0
260,1975,0
260,1976,0
260,1977,0
260,1978,0
260,1979,0
260,1980,0
260,1981,0
260,1982,0
260,1983,0
260,1984,0
260,1985,0
260,1986,0
260,1987,0
260,1988,0
265,1954,0
265,1955,0
265,1956,0
265,1957,0
265,1958,0
265,1959,0
265,1960,0
265,1961,0
265,1962,0
265,1963,0
265,1964,0
265,1965,0
265,1966,0
265,1967,0
265,1968,0
265,1969,0
265,1970,0
265,1971,0
265,1972,0
265,1973,0
265,1974,0
265,1975,0
265,1976,0
265,1977,0
265,1978,0
265,1979,0
265,1980,0
265,1981,0
265,1982,0
265,1983,0
265,1984,0
265,1985,0
265,1986,0
265,1987,0
265,1988,0
290,1945,0
290,1946,0
290,1947,0
290,1948,0
290,1949,0
290,1950,0
290,1951,0
290,1952,0
290,1953,0
290,1954,0
290,1955,0
290,1956,0
290,1957,0
290,1958,0
290,1959,0
290,1960,0
290,1961,0
290,1962,0
290,1963,0
290,1964,0
290,1965,0
290,1966,0
290,1967,0
290,1968,0
290,1969,0
290,1970,0
290,1971,0
290,1972,0
290,1973,0
290,1974,0
290,1975,0
290,1976,0
290,1977,0
290,1978,0
290,1979,0
290,1980,0
290,1981,0
290,1982,0
290,1983,0
290,1984,0
290,1985,0
290,1986,0
290,1987,0
290,1988,0
305,1955,0
305,1956,0
305,1957,0
305,1958,0
305,1959,0
305,1960,0
305,1961,0
305,1962,0
305,1963,0
305,1964,0
305,1965,0
305,1966,0
305,1967,0
305,1968,0
305,1969,0
305,1970,0
305,1971,0
305,1972,0
305,1973,0
305,1974,0
305,1975,0
305,1976,0
305,1977,0
305,1978,0
305,1979,0
305,1980,0
305,1981,0
305,1982,0
305,1983,0
305,1984,0
305,1985,0
305,1986,0
305,1987,0
305,1988,0
310,1943,0
310,1944,0
310,1945,0
310,1946,0
310,1947,0
310,1948,0
310,1949,0
310,1950,0
310,1951,0
310,1952,0
310,1953,0
310,1954,0
310,1955,0
310,1956,0
310,1957,0
310,1958,0
310,1959,0
310,1960,0
310,1961,0
310,1962,0
310,1963,0
310,1964,0
310,1965,0
310,1966,0
310,1967,0
310,1968,0
310,1969,0
310,1970,0
310,1971,0
310,1972,0
310,1973,0
310,1974,0
310,1975,0
310,1976,0
310,1977,0
310,1978,0
310,1979,0
310,1980,0
310,1981,0
310,1982,0
310,1983,0
310,1984,0
310,1985,0
310,1986,0
310,1987,0
310,1988,0
315,1945,0
315,1946,0
315,1947,0
315,1948,0
315,1949,0
315,1950,0
315,1951,0
315,1952,0
315,1953,0
315,1954,0
315,1955,0
315,1956,0
315,1957,0
315,1958,0
315,1959,0
315,1960,0
315,1961,0
315,1962,0
315,1963,0
315,1964,0
315,1965,0
315,1966,0
315,1967,0
315,1968,0
315,1969,0
315,1970,0
315,1971,0
315,1972,0
315,1973,0
315,1974,0
315,1975,0
315,1976,0
315,1977,0
315,1978,0
315,1979,0
315,1980,0
315,1981,0
315,1982,0
315,1983,0
315,1984,0
315,1985,0
315,1986,0
315,1987,0
315,1988,0
325,1943,0
325,1944,0
325,1945,0
325,1946,0
325,1947,0
325,1948,0
325,1949,0
325,1950,0
325,1951,0
325,1952,0
325,1953,0
325,1954,0
325,1955,0
325,1956,0
325,1957,0
325,1958,0
325,1959,0
325,1960,0
325,1961,0
325,1962,0
325,1963,0
325,1964,0
325,1965,0
325,1966,0
325,1967,0
325,1968,0
325,1969,0
325,1970,0
325,1971,0
325,1972,0
325,1973,0
325,1974,0
325,1975,0
325,1976,0
325,1977,0
325,1978,0
325,1979,0
325,1980,0
325,1981,0
325,1982,0
325,1983,0
325,1984,0
325,1985,0
325,1986,0
325,1987,0
325,1988,0
338,1964,0
338,1965,0
338,1966,0
338,1967,0
338,1968,0
338,1969,0
338,1970,0
338,1971,0
338,1972,0
338,1973,0
338,1974,0
338,1975,0
338,1976,0
338,1977,0
338,1978,0
338,1979,0
338,1980,0
338,1981,0
338,1982,0
338,1983,0
338,1984,0
338,1985,0
338,1986,0
338,1987,0
338,1988,0
339,1944,0
339,1945,0
339,1946,0
339,1947,0
339,1948,0
339,1949,0
339,1950,0
339,1951,0
339,1952,0
339,1953,0
339,1954,0
339,1955,0
339,1956,0
339,1957,0
339,1958,0
339,1959,0
339,1960,0
339,1961,0
339,1962,0
339,1963,0
339,1964,0
339,1965,0
339,1966,0
339,1967,0
339,1968,0
339,1969,0
339,1970,0
339,1971,0
339,1972,0
339,1973,0
339,1974,0
339,1975,0
339,1976,0
339,1977,0
339,1978,0
339,1979,0
339,1980,0
339,1981,0
339,1982,0
339,1983,0
339,1984,0
339,1985,0
339,1986,0
339,1987,0
339,1988,0
345,1944,0
345,1945,0
345,1946,0
345,1947,0
345,1948,0
345,1949,0
345,1950,0
345,1951,0
345,1952,0
345,1953,0
345,1954,0
345,1955,0
345,1956,0
345,1957,0
345,1958,0
345,1959,0
345,1960,0
345,1961,0
345,1962,0
345,1963,0
345,1964,0
345,1965,0
345,1966,0
345,1967,0
345,1968,0
345,1969,0
345,1970,0
345,1971,0
345,1972,0
345,1973,0
345,1974,0
345,1975,0
345,1976,0
345,1977,0
345,1978,0
345,1979,0
345,1980,0
345,1981,0
345,1982,0
345,1983,0
345,1984,0
345,1985,0
345,1986,0
345,1987,0
345,1988,0
350,1944,0
350,1945,0
350,1946,0
350,1947,0
350,1948,0
350,1949,0
350,1950,0
350,1951,0
350,1952,0
350,1953,0
350,1954,0
350,1955,0
350,1956,0
350,1957,0
350,1958,0
350,1959,0
350,1960,0
350,1961,0
350,1962,0
350,1963,0
350,1964,0
350,1965,0
350,1966,0
350,1967,0
350,1968,0
350,1969,0
350,1970,0
350,1971,0
350,1972,0
350,1973,0
350,1974,0
350,1975,0
350,1976,0
350,1977,0
350,1978,0
350,1979,0
350,1980,0
350,1981,0
350,1982,0
350,1983,0
350,1984,0
350,1985,0
350,1986,0
350,1987,0
350,1988,0
352,1960,0
352,1961,0
352,1962,0
352,1963,0
352,1964,0
352,1965,0
352,1966,0
352,1967,0
352,1968,0
352,1969,0
352,1970,0
352,1971,0
352,1972,0
352,1973,0
352,1974,0
352,1975,0
352,1976,0
352,1977,0
352,1978,0
352,1979,0
352,1980,0
352,1981,0
352,1982,0
352,1983,0
352,1984,0
352,1985,0
352,1986,0
352,1987,0
352,1988,0
355,1943,0
355,1944,0
355,1945,0
355,1946,0
355,1947,0
355,1948,0
355,1949,0
355,1950,0
355,1951,0
355,1952,0
355,1953,0
355,1954,0
355,1955,0
355,1956,0
355,1957,0
355,1958,0
355,1959,0
355,1960,0
355,1961,0
355,1962,0
355,1963,0
355,1964,0
355,1965,0
355,1966,0
355,1967,0
355,1968,0
355,1969,0
355,1970,0
355,1971,0
355,1972,0
355,1973,0
355,1974,0
355,1975,0
355,1976,0
355,1977,0
355,1978,0
355,1979,0
355,1980,0
355,1981,0
355,1982,0
355,1983,0
355,1984,0
355,1985,0
355,1986,0
355,1987,0
355,1988,0
360,1943,0
360,1944,0
360,1945,0
360,1946,0
360,1947,0
360,1948,0
360,1949,0
360,1950,0
360,1951,0
360,1952,0
360,1953,0
360,1954,0
360,1955,0
360,1956,0
360,1957,0
360,1958,0
360,1959,0
360,1960,0
360,1961,0
360,1962,0
360,1963,0
360,1964,0
360,1965,0
360,1966,0
360,1967,0
360,1968,0
360,1969,0
360,1970,0
360,1971,0
360,1972,0
360,1973,0
360,1974,0
360,1975,0
360,1976,0
360,1977,0
360,1978,0
360,1979,0
360,1980,0
360,1981,0
360,1982,0
360,1983,0
360,1984,0
360,1985,0
360,1986,0
360,1987,0
360,1988,0
365,1943,1
365,1944,1
365,1945,1
365,1946,1
365,1947,1
365,1948,1
365,1949,1
365,1950,1
365,1951,1
365,1952,1
365,1953,1
365,1954,1
365,1955,1
365,1956,1
365,1957,1
365,1958,1
365,1959,1
365,1960,1
365,1961,1
365,1962,1
365,1963,1
365,1964,1
365,1965,1
365,1966,1
365,1967,1
365,1968,1
365,1969,0
365,1970,0
365,1971,0
365,1972,0
365,1973,0
365,1974,0
365,1975,0
365,1976,0
365,1977,0
365,1978,0
365,1979,0
365,1980,0
365,1981,0
365,1982,0
365,1983,0
365,1984,0
365,1985,0
365,1986,0
365,1987,0
365,1988,0
375,1943,0
375,1944,0
375,1945,0
375,1946,0
375,1947,0
375,1948,0
375,1949,0
375,1950,0
375,1951,0
375,1952,0
375,1953,0
375,1954,0
375,1955,0
375,1956,0
375,1957,0
375,1958,0
375,1959,0
375,1960,0
375,1961,0
375,1962,0
375,1963,0
375,1964,0
375,1965,0
375,1966,0
375,1967,0
375,1968,0
375,1969,0
375,1970,0
375,1971,0
375,1972,0
375,1973,0
375,1974,0
375,1975,0
375,1976,0
375,1977,0
375,1978,0
375,1979,0
375,1980,0
375,1981,0
375,1982,0
375,1983,0
375,1984,0
375,1985,0
375,1986,0
375,1987,0
375,1988,0
380,1943,0
380,1944,0
380,1945,0
380,1946,0
380,1947,0
380,1948,0
380,1949,0
380,1950,0
380,1951,0
380,1952,0
380,1953,0
380,1954,0
380,1955,0
380,1956,0
380,1957,0
380,1958,0
380,1959,0
380,1960,0
380,1961,0
380,1962,0
380,1963,0
380,1964,0
380,1965,0
380,1966,0
380,1967,0
380,1968,0
380,1969,0
380,1970,0
380,1971,0
380,1972,0
380,1973,0
380,1974,0
380,1975,0
380,1976,0
380,1977,0
380,1978,0
380,1979,0
380,1980,0
380,1981,0
380,1982,0
380,1983,0
380,1984,0
380,1985,0
380,1986,0
380,1987,0
380,1988,0
385,1945,0
385,1946,0
385,1947,0
385,1948,0
385,1949,0
385,1950,0
385,1951,0
385,1952,0
385,1953,0
385,1954,0
385,1955,0
385,1956,0
385,1957,0
385,1958,0
385,1959,0
385,1960,0
385,1961,0
385,1962,0
385,1963,0
385,1964,0
385,1965,0
385,1966,0
385,1967,0
385,1968,0
385,1969,0
385,1970,0
385,1971,0
385,1972,0
385,1973,0
385,1974,0
385,1975,0
385,1976,0
385,1977,0
385,1978,0
385,1979,0
385,1980,0
385,1981,0
385,1982,0
385,1983,0
385,1984,0
385,1985,0
385,1986,0
385,1987,0
385,1988,0
390,1945,0
390,1946,0
390,1947,0
390,1948,0
390,1949,0
390,1950,0
390,1951,0
390,1952,0
390,1953,0
390,1954,0
390,1955,0
390,1956,0
390,1957,0
390,1958,0
390,1959,0
390,1960,0
390,1961,0
390,1962,0
390,1963,0
390,1964,0
390,1965,0
390,1966,0
390,1967,0
390,1968,0
390,1969,0
390,1970,0
390,1971,0
390,1972,0
390,1973,0
390,1974,0
390,1975,0
390,1976,0
390,1977,0
390,1978,0
390,1979,0
390,1980,0
390,1981,0
390,1982,0
390,1983,0
390,1984,0
390,1985,0
390,1986,0
390,1987,0
390,1988,0
395,1944,0
395,1945,0
395,1946,0
395,1947,0
395,1948,0
395,1949,0
395,1950,0
395,1951,0
395,1952,0
395,1953,0
395,1954,0
395,1955,0
395,1956,0
395,1957,0
395,1958,0
395,1959,0
395,1960,0
395,1961,0
395,1962,0
395,1963,0
395,1964,0
395,1965,0
395,1966,0
395,1967,0
395,1968,0
395,1969,0
395,1970,0
395,1971,0
395,1972,0
395,1973,0
395,1974,0
395,1975,0
395,1976,0
395,1977,0
395,1978,0
395,1979,0
395,1980,0
395,1981,0
395,1982,0
395,1983,0
395,1984,0
395,1985,0
395,1986,0
395,1987,0
395,1988,0
402,1975,0
402,1976,0
402,1977,0
402,1978,0
402,1979,0
402,1980,0
402,1981,0
402,1982,0
402,1983,0
402,1984,0
402,1985,0
402,1986,0
402,1987,0
402,1988,0
403,1975,0
403,1976,0
403,1977,0
403,1978,0
403,1979,0
403,1980,0
403,1981,0
403,1982,0
403,1983,0
403,1984,0
403,1985,0
403,1986,0
403,1987,0
403,1988,0
404,1974,0
404,1975,0
404,1976,0
404,1977,0
404,1978,0
404,1979,0
404,1980,0
404,1981,0
404,1982,0
404,1983,0
404,1984,0
404,1985,0
404,1986,0
404,1987,0
404,1988,0
411,1968,0
411,1969,1
411,1970,1
411,1971,1
411,1972,1
411,1973,1
411,1974,1
411,1975,1
411,1976,1
411,1977,1
411,1978,1
411,1979,1
411,1980,0
411,1981,0
411,1982,0
411,1983,0
411,1984,0
411,1985,0
411,1986,0
411,1987,0
411,1988,0
420,1965,0
420,1966,0
420,1967,0
420,1968,0
420,1969,0
420,1970,0
420,1971,0
420,1972,0
420,1973,0
420,1974,0
420,1975,0
420,1976,0
420,1977,0
420,1978,0
420,1979,0
420,1980,0
420,1981,0
420,1982,0
420,1983,0
420,1984,0
420,1985,0
420,1986,0
420,1987,0
420,1988,0
432,1960,0
432,1961,0
432,1962,0
432,1963,0
432,1964,0
432,1965,0
432,1966,0
432,1967,0
432,1968,0
432,1969,0
432,1970,0
432,1971,0
432,1972,0
432,1973,0
432,1974,0
432,1975,0
432,1976,0
432,1977,0
432,1978,0
432,1979,0
432,1980,0
432,1981,0
432,1982,0
432,1983,0
432,1984,0
432,1985,0
432,1986,0
432,1987,0
432,1988,0
433,1960,0
433,1961,0
433,1962,0
433,1963,0
433,1964,0
433,1965,0
433,1966,0
433,1967,0
433,1968,0
433,1969,0
433,1970,0
433,1971,0
433,1972,0
433,1973,0
433,1974,0
433,1975,0
433,1976,0
433,1977,0
433,1978,0
433,1979,0
433,1980,0
433,1981,0
433,1982,0
433,1983,0
433,1984,0
433,1985,0
433,1986,0
433,1987,0
433,1988,0
434,1960,0
434,1961,0
434,1962,0
434,1963,0
434,1964,0
434,1965,0
434,1966,0
434,1967,0
434,1968,0
434,1969,0
434,1970,0
434,1971,0
434,1972,0
434,1973,0
434,1974,0
434,1975,0
434,1976,0
434,1977,0
434,1978,0
434,1979,0
434,1980,0
434,1981,0
434,1982,0
434,1983,0
434,1984,0
434,1985,0
434,1986,0
434,1987,0
434,1988,0
435,1960,0
435,1961,0
435,1962,0
435,1963,0
435,1964,0
435,1965,0
435,1966,0
435,1967,0
435,1968,0
435,1969,0
435,1970,0
435,1971,0
435,1972,0
435,1973,0
435,1974,0
435,1975,0
435,1976,0
435,1977,0
435,1978,0
435,1979,0
435,1980,0
435,1981,0
435,1982,0
435,1983,0
435,1984,0
435,1985,0
435,1986,0
435,1987,0
435,1988,0
436,1960,0
436,1961,0
436,1962,0
436,1963,0
436,1964,0
436,1965,0
436,1966,0
436,1967,0
436,1968,0
436,1969,0
436,1970,0
436,1971,0
436,1972,0
436,1973,0
436,1974,0
436,1975,0
436,1976,0
436,1977,0
436,1978,0
436,1979,0
436,1980,0
436,1981,0
436,1982,0
436,1983,0
436,1984,0
436,1985,0
436,1986,0
436,1987,0
436,1988,0
437,1960,0
437,1961,0
437,1962,0
437,1963,0
437,1964,0
437,1965,0
437,1966,0
437,1967,0
437,1968,0
437,1969,0
437,1970,0
437,1971,0
437,1972,0
437,1973,0
437,1974,0
437,1975,0
437,1976,0
437,1977,0
437,1978,0
437,1979,0
437,1980,0
437,1981,0
437,1982,0
437,1983,0
437,1984,0
437,1985,0
437,1986,0
437,1987,0
437,1988,0
438,1958,0
438,1959,0
438,1960,0
438,1961,0
438,1962,0
438,1963,0
438,1964,0
438,1965,0
438,1966,0
438,1967,0
438,1968,0
438,1969,0
438,1970,0
438,1971,0
438,1972,0
438,1973,0
438,1974,0
438,1975,0
438,1976,0
438,1977,0
438,1978,0
438,1979,0
438,1980,0
438,1981,0
438,1982,0
438,1983,0
438,1984,0
438,1985,0
438,1986,0
438,1987,0
438,1988,0
439,1960,0
439,1961,0
439,1962,0
439,1963,0
439,1964,0
439,1965,0
439,1966,0
439,1967,0
439,1968,0
439,1969,0
439,1970,0
439,1971,0
439,1972,0
439,1973,0
439,1974,0
439,1975,0
439,1976,0
439,1977,0
439,1978,0
439,1979,0
439,1980,0
439,1981,0
439,1982,0
439,1983,0
439,1984,0
439,1985,0
439,1986,0
439,1987,0
439,1988,0
450,1943,0
450,1944,0
450,1945,0
450,1946,0
450,1947,0
450,1948,0
450,1949,0
450,1950,0
450,1951,0
450,1952,0
450,1953,0
450,1954,0
450,1955,0
450,1956,0
450,1957,0
450,1958,0
450,1959,0
450,1960,0
450,1961,0
450,1962,0
450,1963,0
450,1964,0
450,1965,0
450,1966,0
450,1967,0
450,1968,0
450,1969,0
450,1970,0
450,1971,0
450,1972,0
450,1973,0
450,1974,0
450,1975,0
450,1976,0
450,1977,0
450,1978,0
450,1979,0
450,1980,0
450,1981,0
450,1982,0
450,1983,0
450,1984,0
450,1985,0
450,1986,0
450,1987,0
450,1988,0
451,1961,0
451,1962,0
451,1963,0
451,1964,0
451,1965,0
451,1966,0
451,1967,0
451,1968,0
451,1969,0
451,1970,0
451,1971,0
451,1972,0
451,1973,0
451,1974,0
451,1975,0
451,1976,0
451,1977,0
451,1978,0
451,1979,0
451,1980,0
451,1981,0
451,1982,0
451,1983,0
451,1984,0
451,1985,0
451,1986,0
451,1987,0
451,1988,0
452,1957,0
452,1958,0
452,1959,0
452,1960,0
452,1961,0
452,1962,0
452,1963,0
452,1964,0
452,1965,0
452,1966,0
452,1967,0
452,1968,0
452,1969,0
452,1970,0
452,1971,0
452,1972,0
452,1973,0
452,1974,0
452,1975,0
452,1976,0
452,1977,0
452,1978,0
452,1979,0
452,1980,0
452,1981,0
452,1982,0
452,1983,0
452,1984,0
452,1985,0
452,1986,0
452,1987,0
452,1988,0
461,1960,0
461,1961,0
461,1962,0
461,1963,0
461,1964,0
461,1965,0
461,1966,0
461,1967,0
461,1968,0
461,1969,0
461,1970,0
461,1971,0
461,1972,0
461,1973,0
461,1974,0
461,1975,0
461,1976,0
461,1977,0
461,1978,0
461,1979,0
461,1980,0
461,1981,0
461,1982,0
461,1983,0
461,1984,0
461,1985,0
461,1986,0
461,1987,0
461,1988,0
471,1960,0
471,1961,0
471,1962,0
471,1963,0
471,1964,0
471,1965,0
471,1966,0
471,1967,0
471,1968,0
471,1969,0
471,1970,0
471,1971,0
471,1972,0
471,1973,0
471,1974,0
471,1975,0
471,1976,0
471,1977,0
471,1978,0
471,1979,0
471,1980,0
471,1981,0
471,1982,0
471,1983,0
471,1984,0
471,1985,0
471,1986,0
471,1987,0
471,1988,0
475,1960,0
475,1961,0
475,1962,0
475,1963,0
475,1964,0
475,1965,0
475,1966,1
475,1967,0
475,1968,0
475,1969,0
475,1970,0
475,1971,0
475,1972,0
475,1973,0
475,1974,0
475,1975,0
475,1976,0
475,1977,0
475,1978,0
475,1979,0
475,1980,0
475,1981,0
475,1982,0
475,1983,0
475,1984,0
475,1985,0
475,1986,0
475,1987,0
475,1988,0
481,1960,0
481,1961,0
481,1962,0
481,1963,0
481,1964,0
481,1965,0
481,1966,0
481,1967,0
481,1968,0
481,1969,0
481,1970,0
481,1971,0
481,1972,0
481,1973,0
481,1974,0
481,1975,0
481,1976,0
481,1977,0
481,1978,0
481,1979,0
481,1980,0
481,1981,0
481,1982,0
481,1983,0
481,1984,0
481,1985,0
481,1986,0
481,1987,0
481,1988,0
482,1960,0
482,1961,0
482,1962,0
482,1963,0
482,1964,0
482,1965,0
482,1966,0
482,1967,0
482,1968,0
482,1969,0
482,1970,0
482,1971,0
482,1972,0
482,1973,0
482,1974,0
482,1975,0
482,1976,0
482,1977,0
482,1978,0
482,1979,0
482,1980,0
482,1981,0
482,1982,0
482,1983,0
482,1984,0
482,1985,0
482,1986,0
482,1987,0
482,1988,0
483,1960,0
483,1961,0
483,1962,0
483,1963,0
483,1964,0
483,1965,0
483,1966,0
483,1967,0
483,1968,0
483,1969,0
483,1970,0
483,1971,0
483,1972,0
483,1973,0
483,1974,0
483,1975,0
483,1976,0
483,1977,0
483,1978,0
483,1979,0
483,1980,0
483,1981,0
483,1982,0
483,1983,0
483,1984,0
483,1985,0
483,1986,0
483,1987,0
483,1988,0
484,1960,0
484,1961,0
484,1962,0
484,1963,0
484,1964,0
484,1965,0
484,1966,0
484,1967,0
484,1968,0
484,1969,0
484,1970,0
484,1971,0
484,1972,0
484,1973,0
484,1974,0
484,1975,0
484,1976,0
484,1977,0
484,1978,0
484,1979,0
484,1980,0
484,1981,0
484,1982,0
484,1983,0
484,1984,0
484,1985,0
484,1986,0
484,1987,0
484,1988,0
490,1960,0
490,1961,0
490,1962,0
490,1963,0
490,1964,1
490,1965,1
490,1966,0
490,1967,0
490,1968,0
490,1969,0
490,1970,0
490,1971,0
490,1972,0
490,1973,0
490,1974,0
490,1975,0
490,1976,0
490,1977,1
490,1978,1
490,1979,1
490,1980,1
490,1981,1
490,1982,1
490,1983,1
490,1984,0
490,1985,0
490,1986,0
490,1987,0
490,1988,0
500,1962,0
500,1963,0
500,1964,0
500,1965,0
500,1966,0
500,1967,0
500,1968,0
500,1969,0
500,1970,0
500,1971,1
500,1972,1
500,1973,1
500,1974,1
500,1975,1
500,1976,1
500,1977,1
500,1978,1
500,1979,1
500,1980,1
500,1981,1
500,1982,1
500,1983,1
500,1984,1
500,1985,1
500,1986,1
500,1987,0
500,1988,0
501,1963,0
501,1964,0
501,1965,0
501,1966,0
501,1967,0
501,1968,0
501,1969,0
501,1970,0
501,1971,0
501,1972,0
501,1973,0
501,1974,0
501,1975,0
501,1976,0
501,1977,0
501,1978,0
501,1979,0
501,1980,0
501,1981,0
501,1982,0
501,1983,0
501,1984,0
501,1985,0
501,1986,0
501,1987,0
501,1988,0
510,1961,0
510,1962,0
510,1963,0
510,1964,0
510,1965,0
510,1966,0
510,1967,0
510,1968,0
510,1969,0
510,1970,0
510,1971,0
510,1972,0
510,1973,0
510,1974,0
510,1975,0
510,1976,0
510,1977,0
510,1978,0
510,1979,0
510,1980,0
510,1981,0
510,1982,0
510,1983,0
510,1984,0
510,1985,0
510,1986,0
510,1987,0
510,1988,0
511,1963,0
511,1964,0
516,1962,0
516,1963,0
516,1964,0
516,1965,1
516,1966,1
516,1967,1
516,1968,1
516,1969,1
516,1970,1
516,1971,1
516,1972,1
516,1973,1
516,1974,0
516,1975,0
516,1976,0
516,1977,0
516,1978,0
516,1979,0
516,1980,0
516,1981,0
516,1982,0
516,1983,0
516,1984,0
516,1985,0
516,1986,0
516,1987,0
516,1988,0
517,1962,0
517,1963,1
517,1964,1
517,1965,0
517,1966,0
517,1967,0
517,1968,0
517,1969,0
517,1970,0
517,1971,0
517,1972,0
517,1973,0
517,1974,0
517,1975,0
517,1976,0
517,1977,0
517,1978,0
517,1979,0
517,1980,0
517,1981,0
517,1982,0
517,1983,0
517,1984,0
517,1985,0
517,1986,0
517,1987,0
517,1988,0
520,1960,0
520,1961,0
520,1962,0
520,1963,0
520,1964,0
520,1965,0
520,1966,0
520,1967,0
520,1968,0
520,1969,0
520,1970,0
520,1971,0
520,1972,0
520,1973,0
520,1974,0
520,1975,0
520,1976,0
520,1977,0
520,1978,0
520,1979,0
520,1980,0
520,1981,0
520,1982,0
520,1983,0
520,1984,0
520,1985,0
520,1986,0
520,1987,0
520,1988,0
522,1977,0
522,1978,0
522,1979,0
522,1980,0
522,1981,0
522,1982,0
522,1983,0
522,1984,0
522,1985,0
522,1986,0
522,1987,0
522,1988,0
530,1943,0
530,1944,0
530,1945,0
530,1946,0
530,1947,0
530,1948,0
530,1949,0
530,1950,0
530,1951,0
530,1952,0
530,1953,0
530,1954,0
530,1955,0
530,1956,0
530,1957,0
530,1958,0
530,1959,0
530,1960,0
530,1961,0
530,1962,0
530,1963,0
530,1964,0
530,1965,0
530,1966,0
530,1967,0
530,1968,0
530,1969,0
530,1970,0
530,1971,0
530,1972,0
530,1973,0
530,1974,1
530,1975,1
530,1976,1
530,1977,1
530,1978,1
530,1979,1
530,1980,0
530,1981,0
530,1982,0
530,1983,0
530,1984,1
530,1985,1
530,1986,0
530,1987,0
530,1988,0
540,1975,0
540,1976,0
540,1977,0
540,1978,0
540,1979,0
540,1980,0
540,1981,0
540,1982,0
540,1983,0
540,1984,0
540,1985,0
540,1986,0
540,1987,0
540,1988,0
541,1975,0
541,1976,0
541,1977,0
541,1978,0
541,1979,0
541,1980,0
541,1981,0
541,1982,0
541,1983,0
541,1984,0
541,1985,0
541,1986,0
541,1987,0
541,1988,0
551,1964,0
551,1965,0
551,1966,0
551,1967,0
551,1968,0
551,1969,0
551,1970,0
551,1971,0
551,1972,0
551,1973,0
551,1974,0
551,1975,0
551,1976,0
551,1977,0
551,1978,0
551,1979,0
551,1980,0
551,1981,0
551,1982,0
551,1983,0
551,1984,0
551,1985,0
551,1986,0
551,1987,0
551,1988,0
552,1965,0
552,1966,0
552,1967,0
552,1968,0
552,1969,0
552,1970,0
552,1971,0
552,1972,0
552,1973,0
552,1974,0
552,1975,0
552,1976,0
552,1977,0
552,1978,0
552,1979,0
552,1980,0
552,1981,0
552,1982,0
552,1983,0
552,1984,0
552,1985,0
552,1986,0
552,1987,0
552,1988,0
553,1964,0
553,1965,0
553,1966,0
553,1967,0
553,1968,0
553,1969,0
553,1970,0
553,1971,0
553,1972,0
553,1973,0
553,1974,0
553,1975,0
553,1976,0
553,1977,0
553,1978,0
553,1979,0
553,1980,0
553,1981,0
553,1982,0
553,1983,0
553,1984,0
553,1985,0
553,1986,0
553,1987,0
553,1988,0
560,1943,0
560,1944,0
560,1945,0
560,1946,0
560,1947,0
560,1948,0
560,1949,0
560,1950,0
560,1951,0
560,1952,0
560,1953,0
560,1954,0
560,1955,0
560,1956,0
560,1957,0
560,1958,0
560,1959,0
560,1960,0
560,1961,0
560,1962,0
560,1963,0
560,1964,0
560,1965,0
560,1966,0
560,1967,0
560,1968,0
560,1969,0
560,1970,0
560,1971,0
560,1972,0
560,1973,0
560,1974,0
560,1975,0
560,1976,0
560,1977,0
560,1978,0
560,1979,0
560,1980,0
560,1981,0
560,1982,0
560,1983,0
560,1984,0
560,1985,0
560,1986,0
560,1987,0
560,1988,0
570,1966,0
570,1967,0
570,1968,0
570,1969,0
570,1970,0
570,1971,0
570,1972,0
570,1973,0
570,1974,0
570,1975,0
570,1976,0
570,1977,0
570,1978,0
570,1979,0
570,1980,0
570,1981,0
570,1982,0
570,1983,0
570,1984,0
570,1985,0
570,1986,0
570,1987,0
570,1988,0
571,1966,0
571,1967,0
571,1968,0
571,1969,0
571,1970,0
571,1971,0
571,1972,0
571,1973,0
571,1974,0
571,1975,0
571,1976,0
571,1977,0
571,1978,0
571,1979,0
571,1980,0
571,1981,0
571,1982,0
571,1983,0
571,1984,0
571,1985,0
571,1986,0
571,1987,0
571,1988,0
572,1968,0
572,1969,0
572,1970,0
572,1971,0
572,1972,0
572,1973,0
572,1974,0
572,1975,0
572,1976,0
572,1977,0
572,1978,0
572,1979,0
572,1980,0
572,1981,0
572,1982,0
572,1983,0
572,1984,0
572,1985,0
572,1986,0
572,1987,0
572,1988,0
580,1960,0
580,1961,0
580,1962,0
580,1963,0
580,1964,0
580,1965,0
580,1966,0
580,1967,0
580,1968,0
580,1969,0
580,1970,0
580,1971,0
580,1972,0
580,1973,0
580,1974,0
580,1975,0
580,1976,0
580,1977,0
580,1978,0
580,1979,0
580,1980,0
580,1981,0
580,1982,0
580,1983,0
580,1984,0
580,1985,0
580,1986,0
580,1987,0
580,1988,0
581,1975,0
581,1976,0
581,1977,0
581,1978,0
581,1979,0
581,1980,0
581,1981,0
581,1982,0
581,1983,0
581,1984,0
581,1985,0
581,1986,0
581,1987,0
581,1988,0
590,1968,0
590,1969,0
590,1970,0
590,1971,0
590,1972,0
590,1973,0
590,1974,0
590,1975,0
590,1976,0
590,1977,0
590,1978,0
590,1979,0
590,1980,0
590,1981,0
590,1982,0
590,1983,0
590,1984,0
590,1985,0
590,1986,0
590,1987,0
590,1988,0
591,1976,0
591,1977,0
591,1978,0
591,1979,0
591,1980,0
591,1981,0
591,1982,0
591,1983,0
591,1984,0
591,1985,0
591,1986,0
591,1987,0
591,1988,0
600,1956,0
600,1957,0
600,1958,0
600,1959,0
600,1960,0
600,1961,0
600,1962,0
600,1963,0
600,1964,0
600,1965,0
600,1966,0
600,1967,0
600,1968,0
600,1969,0
600,1970,0
600,1971,0
600,1972,0
600,1973,0
600,1974,0
600,1975,0
600,1976,0
600,1977,0
600,1978,0
600,1979,0
600,1980,0
600,1981,0
600,1982,0
600,1983,0
600,1984,0
600,1985,0
600,1986,0
600,1987,0
600,1988,0
615,1962,1
615,1963,0
615,1964,0
615,1965,0
615,1966,0
615,1967,0
615,1968,0
615,1969,0
615,1970,0
615,1971,0
615,1972,0
615,1973,0
615,1974,0
615,1975,0
615,1976,0
615,1977,0
615,1978,0
615,1979,0
615,1980,0
615,1981,0
615,1982,0
615,1983,0
615,1984,0
615,1985,0
615,1986,0
615,1987,0
615,1988,0
616,1956,0
616,1957,0
616,1958,0
616,1959,0
616,1960,0
616,1961,0
616,1962,0
616,1963,0
616,1964,0
616,1965,0
616,1966,0
616,1967,0
616,1968,0
616,1969,0
616,1970,0
616,1971,0
616,1972,0
616,1973,0
616,1974,0
616,1975,0
616,1976,0
616,1977,0
616,1978,0
616,1979,0
616,1980,0
616,1981,0
616,1982,0
616,1983,0
616,1984,0
616,1985,0
616,1986,0
616,1987,0
616,1988,0
620,1951,0
620,1952,0
620,1953,0
620,1954,0
620,1955,0
620,1956,0
620,1957,0
620,1958,0
620,1959,0
620,1960,0
620,1961,0
620,1962,0
620,1963,0
620,1964,0
620,1965,0
620,1966,0
620,1967,0
620,1968,0
620,1969,0
620,1970,0
620,1971,0
620,1972,0
620,1973,0
620,1974,0
620,1975,0
620,1976,0
620,1977,0
620,1978,0
620,1979,0
620,1980,0
620,1981,0
620,1982,0
620,1983,0
620,1984,0
620,1985,0
620,1986,0
620,1987,0
620,1988,0
625,1956,1
625,1957,1
625,1958,1
625,1959,1
625,1960,1
625,1961,1
625,1962,1
625,1963,1
625,1964,1
625,1965,1
625,1966,1
625,1967,1
625,1968,1
625,1969,1
625,1970,1
625,1971,1
625,1972,1
625,1973,0
625,1974,0
625,1975,0
625,1976,0
625,1977,0
625,1978,0
625,1979,0
625,1980,0
625,1981,0
625,1982,0
625,1983,0
625,1984,0
625,1985,0
625,1986,0
625,1987,0
625,1988,0
630,1943,0
630,1944,0
630,1945,0
630,1946,0
630,1947,0
630,1948,0
630,1949,0
630,1950,0
630,1951,0
630,1952,0
630,1953,0
630,1954,0
630,1955,0
630,1956,0
630,1957,0
630,1958,0
630,1959,0
630,1960,0
630,1961,0
630,1962,0
630,1963,0
630,1964,0
630,1965,0
630,1966,0
630,1967,0
630,1968,0
630,1969,0
630,1970,0
630,1971,0
630,1972,0
630,1973,0
630,1974,0
630,1975,0
630,1976,0
630,1977,0
630,1978,0
630,1979,0
630,1980,0
630,1981,1
630,1982,1
630,1983,1
630,1984,1
630,1985,1
630,1986,1
630,1987,1
630,1988,1
640,1943,0
640,1944,0
640,1945,0
640,1946,0
640,1947,0
640,1948,0
640,1949,0
640,1950,0
640,1951,0
640,1952,0
640,1953,0
640,1954,0
640,1955,0
640,1956,0
640,1957,0
640,1958,0
640,1959,0
640,1960,0
640,1961,0
640,1962,0
640,1963,0
640,1964,0
640,1965,0
640,1966,0
640,1967,0
640,1968,0
640,1969,0
640,1970,0
640,1971,0
640,1972,0
640,1973,0
640,1974,0
640,1975,0
640,1976,0
640,1977,0
640,1978,0
640,1979,0
640,1980,0
640,1981,0
640,1982,0
640,1983,0
640,1984,0
640,1985,0
640,1986,0
640,1987,0
640,1988,0
645,1943,0
645,1944,0
645,1945,0
645,1946,0
645,1947,0
645,1948,0
645,1949,0
645,1950,0
645,1951,0
645,1952,0
645,1953,0
645,1954,0
645,1955,0
645,1956,0
645,1957,0
645,1958,0
645,1959,1
645,1960,1
645,1961,1
645,1962,1
645,1963,1
645,1964,1
645,1965,1
645,1966,1
645,1967,1
645,1968,1
645,1969,1
645,1970,1
645,1971,1
645,1972,1
645,1973,1
645,1974,1
645,1975,1
645,1976,0
645,1977,0
645,1978,0
645,1979,0
645,1980,0
645,1981,0
645,1982,0
645,1983,0
645,1984,0
645,1985,0
645,1986,0
645,1987,0
645,1988,0
651,1943,0
651,1944,0
651,1945,0
651,1946,0
651,1947,0
651,1948,0
651,1949,0
651,1950,0
651,1951,0
651,1952,0
651,1953,0
651,1954,0
651,1955,0
651,1956,0
651,1957,0
651,1958,0
651,1959,0
651,1960,0
651,1961,0
651,1962,0
651,1963,0
651,1964,0
651,1965,0
651,1966,0
651,1967,0
651,1968,0
651,1969,0
651,1970,0
651,1971,0
651,1972,0
651,1973,0
651,1974,0
651,1975,0
651,1976,0
651,1977,0
651,1978,0
651,1979,0
651,1980,0
651,1981,0
651,1982,0
651,1983,0
651,1984,0
651,1985,0
651,1986,0
651,1987,0
651,1988,0
652,1946,0
652,1947,0
652,1948,0
652,1949,0
652,1950,0
652,1951,0
652,1952,0
652,1953,0
652,1954,0
652,1955,0
652,1956,0
652,1957,0
652,1958,0
652,1961,0
652,1962,0
652,1963,0
652,1964,0
652,1965,0
652,1966,0
652,1967,0
652,1968,0
652,1969,0
652,1970,0
652,1971,0
652,1972,0
652,1973,0
652,1974,0
652,1975,0
652,1976,0
652,1977,0
652,1978,0
652,1979,0
652,1980,0
652,1981,1
652,1982,1
652,1983,0
652,1984,0
652,1985,0
652,1986,0
652,1987,0
652,1988,0
660,1946,0
660,1947,0
660,1948,0
660,1949,0
660,1950,0
660,1951,0
660,1952,0
660,1953,0
660,1954,0
660,1955,0
660,1956,0
660,1957,0
660,1958,0
660,1959,0
660,1960,0
660,1961,0
660,1962,0
660,1963,0
660,1964,0
660,1965,0
660,1966,0
660,1967,0
660,1968,0
660,1969,0
660,1970,0
660,1971,0
660,1972,0
660,1973,0
660,1974,0
660,1975,0
660,1976,0
660,1977,0
660,1978,0
660,1979,0
660,1980,0
660,1981,0
660,1982,0
660,1983,0
660,1984,0
660,1985,0
660,1986,0
660,1987,0
660,1988,0
663,1946,0
663,1947,0
663,1948,0
663,1949,0
663,1950,0
663,1951,0
663,1952,0
663,1953,0
663,1954,0
663,1955,0
663,1956,0
663,1957,0
663,1958,0
663,1959,0
663,1960,0
663,1961,0
663,1962,0
663,1963,0
663,1964,0
663,1965,0
663,1966,0
663,1967,0
663,1968,0
663,1969,0
663,1970,0
663,1971,0
663,1972,0
663,1973,0
663,1974,0
663,1975,0
663,1976,0
663,1977,0
663,1978,0
663,1979,0
663,1980,0
663,1981,0
663,1982,0
663,1983,0
663,1984,0
663,1985,0
663,1986,0
663,1987,0
663,1988,0
666,1948,0
666,1949,0
666,1950,0
666,1951,0
666,1952,0
666,1953,0
666,1954,0
666,1955,0
666,1956,0
666,1957,0
666,1958,0
666,1959,0
666,1960,0
666,1961,0
666,1962,0
666,1963,0
666,1964,0
666,1965,0
666,1966,0
666,1967,0
666,1968,0
666,1969,0
666,1970,0
666,1971,0
666,1972,0
666,1973,0
666,1974,0
666,1975,0
666,1976,0
666,1977,0
666,1978,0
666,1979,0
666,1980,0
666,1981,0
666,1982,0
666,1983,0
666,1984,0
666,1985,0
666,1986,0
666,1987,0
666,1988,0
670,1943,0
670,1944,0
670,1945,0
670,1946,0
670,1947,0
670,1948,0
670,1949,0
670,1950,0
670,1951,0
670,1952,0
670,1953,0
670,1954,0
670,1955,0
670,1956,0
670,1957,0
670,1958,0
670,1959,0
670,1960,0
670,1961,0
670,1962,0
670,1963,0
670,1964,0
670,1965,0
670,1966,0
670,1967,0
670,1968,0
670,1969,0
670,1970,0
670,1971,0
670,1972,0
670,1973,0
670,1974,0
670,1975,0
670,1976,0
670,1977,0
670,1978,0
670,1979,0
670,1980,0
670,1981,0
670,1982,0
670,1983,0
670,1984,0
670,1985,0
670,1986,0
670,1987,0
670,1988,0
678,1943,0
678,1944,0
678,1945,0
678,1946,0
678,1947,0
678,1948,0
678,1949,0
678,1950,0
678,1951,0
678,1952,0
678,1953,0
678,1954,0
678,1955,0
678,1956,0
678,1957,0
678,1958,0
678,1959,0
678,1960,0
678,1961,0
678,1962,0
678,1963,0
678,1964,0
678,1965,0
678,1966,0
678,1967,0
678,1968,0
678,1969,0
678,1970,0
678,1971,0
678,1972,0
678,1973,0
678,1974,0
678,1975,0
678,1976,0
678,1977,0
678,1978,0
678,1979,0
678,1980,0
678,1981,0
678,1982,0
678,1983,0
678,1984,0
678,1985,0
678,1986,0
678,1987,0
678,1988,0
680,1967,0
680,1968,0
680,1969,0
680,1970,0
680,1971,0
680,1972,0
680,1973,0
680,1974,0
680,1975,0
680,1976,0
680,1977,0
680,1978,0
680,1979,0
680,1980,0
680,1981,0
680,1982,0
680,1983,0
680,1984,0
680,1985,0
680,1986,0
680,1987,0
680,1988,0
690,1961,0
690,1962,0
690,1963,0
690,1964,0
690,1965,0
690,1966,0
690,1967,0
690,1968,0
690,1969,0
690,1970,0
690,1971,0
690,1972,0
690,1973,0
690,1974,0
690,1975,0
690,1976,0
690,1977,0
690,1978,0
690,1979,0
690,1980,0
690,1981,0
690,1982,0
690,1983,0
690,1984,0
690,1985,0
690,1986,0
690,1987,0
690,1988,0
692,1971,0
692,1972,0
692,1973,0
692,1974,0
692,1975,0
692,1976,0
692,1977,0
692,1978,0
692,1979,0
692,1980,0
692,1981,0
692,1982,0
692,1983,0
692,1984,0
692,1985,0
692,1986,0
692,1987,0
692,1988,0
694,1971,0
694,1972,0
694,1973,0
694,1974,0
694,1975,0
694,1976,0
694,1977,0
694,1978,0
694,1979,0
694,1980,0
694,1981,0
694,1982,0
694,1983,0
694,1984,0
694,1985,0
694,1986,0
694,1987,0
694,1988,0
696,1971,0
696,1972,0
696,1973,0
696,1974,0
696,1975,0
696,1976,0
696,1977,0
696,1978,0
696,1979,0
696,1980,0
696,1981,0
696,1982,0
696,1983,0
696,1984,0
696,1985,0
696,1986,0
696,1987,0
696,1988,0
698,1971,0
698,1972,0
698,1973,0
698,1974,0
698,1975,0
698,1976,0
698,1977,0
698,1978,0
698,1979,0
698,1980,0
698,1981,0
698,1982,0
698,1983,0
698,1984,0
698,1985,0
698,1986,0
698,1987,0
698,1988,0
700,1943,0
700,1944,0
700,1945,0
700,1946,0
700,1947,0
700,1948,0
700,1949,0
700,1950,0
700,1951,0
700,1952,0
700,1953,0
700,1954,0
700,1955,0
700,1956,0
700,1957,0
700,1958,0
700,1959,0
700,1960,0
700,1961,0
700,1962,0
700,1963,0
700,1964,0
700,1965,0
700,1966,0
700,1967,0
700,1968,0
700,1969,0
700,1970,0
700,1971,0
700,1972,0
700,1973,0
700,1974,0
700,1975,0
700,1976,0
700,1977,0
700,1978,1
700,1979,1
700,1980,1
700,1981,1
700,1982,1
700,1983,1
700,1984,1
700,1985,1
700,1986,1
700,1987,1
700,1988,1
710,1943,0
710,1944,0
710,1945,0
710,1946,0
710,1947,1
710,1948,0
710,1949,0
710,1950,1
710,1951,1
710,1952,0
710,1953,0
710,1954,0
710,1955,0
710,1956,0
710,1957,0
710,1958,0
710,1959,1
710,1960,0
710,1961,0
710,1962,0
710,1963,0
710,1964,0
710,1965,0
710,1966,1
710,1967,1
710,1968,1
710,1969,1
710,1970,1
710,1971,1
710,1972,1
710,1973,1
710,1974,1
710,1975,1
710,1976,0
710,1977,0
710,1978,0
710,1979,0
710,1980,0
710,1981,0
710,1982,0
710,1983,0
710,1984,0
710,1985,0
710,1986,0
710,1987,0
710,1988,0
712,1943,0
712,1944,0
712,1945,0
712,1946,0
712,1947,0
712,1948,0
712,1949,0
712,1950,0
712,1951,0
712,1952,0
712,1953,0
712,1954,0
712,1955,0
712,1956,0
712,1957,0
712,1958,0
712,1959,0
712,1960,0
712,1961,0
712,1962,0
712,1963,0
712,1964,0
712,1965,0
712,1966,0
712,1967,0
712,1968,0
712,1969,0
712,1970,0
712,1971,0
712,1972,0
712,1973,0
712,1974,0
712,1975,0
712,1976,0
712,1977,0
712,1978,0
712,1979,0
712,1980,0
712,1981,0
712,1982,0
712,1983,0
712,1984,0
712,1985,0
712,1986,0
712,1987,0
712,1988,0
713,1949,0
713,1950,0
713,1951,0
713,1952,0
713,1953,0
713,1954,0
713,1955,0
713,1956,0
713,1957,0
713,1958,0
713,1959,0
713,1960,0
713,1961,0
713,1962,0
713,1963,0
713,1964,0
713,1965,0
713,1966,0
713,1967,0
713,1968,0
713,1969,0
713,1970,0
713,1971,0
713,1972,0
713,1973,0
713,1974,0
713,1975,0
713,1976,0
713,1977,0
713,1978,0
713,1979,0
713,1980,0
713,1981,0
713,1982,0
713,1983,0
713,1984,0
713,1985,0
713,1986,0
713,1987,0
713,1988,0
731,1948,0
731,1949,0
731,1950,0
731,1951,0
731,1952,0
731,1953,0
731,1954,0
731,1955,0
731,1956,0
731,1957,0
731,1958,0
731,1959,0
731,1960,0
731,1961,0
731,1962,0
731,1963,0
731,1964,0
731,1965,0
731,1966,0
731,1967,0
731,1968,0
731,1969,0
731,1970,0
731,1971,0
731,1972,0
731,1973,0
731,1974,0
731,1975,0
731,1976,0
731,1977,0
731,1978,0
731,1979,0
731,1980,0
731,1981,0
731,1982,0
731,1983,0
731,1984,0
731,1985,0
731,1986,0
731,1987,0
731,1988,0
732,1949,0
732,1950,0
732,1951,0
732,1952,0
732,1953,0
732,1954,0
732,1955,0
732,1956,0
732,1957,0
732,1958,0
732,1959,0
732,1960,0
732,1961,0
732,1962,0
732,1963,0
732,1964,0
732,1965,0
732,1966,0
732,1967,0
732,1968,0
732,1969,0
732,1970,0
732,1971,0
732,1972,0
732,1973,0
732,1974,0
732,1975,0
732,1976,0
732,1977,0
732,1978,0
732,1979,0
732,1980,0
732,1981,0
732,1982,0
732,1983,0
732,1984,0
732,1985,0
732,1986,0
732,1987,0
732,1988,0
740,1943,0
740,1944,0
740,1945,0
740,1952,0
740,1953,0
740,1954,0
740,1955,0
740,1956,0
740,1957,0
740,1958,0
740,1959,0
740,1960,0
740,1961,0
740,1962,0
740,1963,0
740,1964,0
740,1965,0
740,1966,0
740,1967,0
740,1968,0
740,1969,0
740,1970,0
740,1971,0
740,1972,0
740,1973,0
740,1974,0
740,1975,0
740,1976,0
740,1977,0
740,1978,0
740,1979,0
740,1980,0
740,1981,0
740,1982,0
740,1983,0
740,1984,0
740,1985,0
740,1986,0
740,1987,0
740,1988,0
750,1947,0
750,1948,0
750,1949,0
750,1950,0
750,1951,0
750,1952,0
750,1953,0
750,1954,0
750,1955,0
750,1956,0
750,1957,0
750,1958,0
750,1959,0
750,1960,0
750,1961,0
750,1962,0
750,1963,0
750,1964,0
750,1965,0
750,1966,0
750,1967,0
750,1968,1
750,1969,1
750,1970,1
750,1971,1
750,1972,1
750,1973,1
750,1974,1
750,1975,1
750,1976,1
750,1977,1
750,1978,1
750,1979,1
750,1980,1
750,1981,1
750,1982,1
750,1983,0
750,1984,0
750,1985,0
750,1986,0
750,1987,0
750,1988,0
760,1971,0
760,1972,0
760,1973,0
760,1974,0
760,1975,0
760,1976,0
760,1977,0
760,1978,0
760,1979,0
760,1980,0
760,1981,0
760,1982,0
760,1983,0
760,1984,0
760,1985,0
760,1986,0
760,1987,0
760,1988,0
770,1947,0
770,1948,0
770,1949,0
770,1950,0
770,1951,0
770,1952,0
770,1953,0
770,1954,0
770,1955,0
770,1956,0
770,1957,0
770,1958,1
770,1959,1
770,1960,1
770,1961,1
770,1962,1
770,1963,1
770,1964,1
770,1965,1
770,1966,1
770,1967,1
770,1968,1
770,1969,1
770,1970,1
770,1971,1
770,1972,1
770,1973,1
770,1974,1
770,1975,0
770,1976,0
770,1977,0
770,1978,0
770,1979,0
770,1980,0
770,1981,0
770,1982,0
770,1983,0
770,1984,0
770,1985,0
770,1986,0
770,1987,0
770,1988,0
771,1971,0
771,1972,0
771,1973,0
771,1974,0
771,1975,0
771,1976,0
771,1977,0
771,1978,0
771,1979,0
771,1980,0
771,1981,0
771,1982,0
771,1983,0
771,1984,0
771,1985,0
771,1986,0
771,1987,0
771,1988,0
775,1948,0
775,1949,0
775,1950,0
775,1951,0
775,1952,0
775,1953,0
775,1954,0
775,1955,0
775,1956,0
775,1957,0
775,1958,0
775,1959,0
775,1960,0
775,1961,0
775,1962,0
775,1963,0
775,1964,0
775,1965,0
775,1966,0
775,1967,0
775,1968,0
775,1969,0
775,1970,0
775,1971,0
775,1972,0
775,1973,0
775,1974,0
775,1975,0
775,1976,0
775,1977,0
775,1978,1
775,1979,0
775,1980,0
775,1981,0
775,1982,0
775,1983,0
775,1984,0
775,1985,0
775,1986,0
775,1987,0
775,1988,0
780,1948,0
780,1949,0
780,1950,0
780,1951,0
780,1952,0
780,1953,0
780,1954,0
780,1955,0
780,1956,0
780,1957,0
780,1958,0
780,1959,0
780,1960,0
780,1961,0
780,1962,0
780,1963,0
780,1964,0
780,1965,0
780,1966,0
780,1967,0
780,1968,0
780,1969,0
780,1970,0
780,1971,0
780,1972,0
780,1973,0
780,1974,0
780,1975,0
780,1976,0
780,1977,0
780,1978,0
780,1979,0
780,1980,0
780,1981,0
780,1982,0
780,1983,1
780,1984,1
780,1985,1
780,1986,1
780,1987,1
780,1988,0
781,1965,0
781,1966,0
781,1967,0
781,1968,0
781,1969,0
781,1970,0
781,1971,0
781,1972,0
781,1973,0
781,1974,0
781,1975,0
781,1976,0
781,1977,0
781,1978,0
781,1979,0
781,1980,0
781,1981,0
781,1982,0
781,1983,0
781,1984,0
781,1985,0
781,1986,0
781,1987,0
781,1988,0
790,1943,0
790,1944,0
790,1945,0
790,1946,0
790,1947,0
790,1948,0
790,1949,0
790,1950,0
790,1951,0
790,1952,0
790,1953,0
790,1954,0
790,1955,0
790,1956,0
790,1957,0
790,1958,0
790,1959,0
790,1960,0
790,1961,0
790,1962,0
790,1963,0
790,1964,0
790,1965,0
790,1966,0
790,1967,0
790,1968,0
790,1969,0
790,1970,0
790,1971,0
790,1972,0
790,1973,0
790,1974,0
790,1975,0
790,1976,0
790,1977,0
790,1978,0
790,1979,0
790,1980,0
790,1981,0
790,1982,0
790,1983,0
790,1984,0
790,1985,0
790,1986,0
790,1987,0
790,1988,0
800,1943,0
800,1944,0
800,1945,0
800,1946,0
800,1947,0
800,1948,0
800,1949,0
800,1950,0
800,1951,0
800,1952,0
800,1953,0
800,1954,0
800,1955,0
800,1956,0
800,1957,0
800,1958,0
800,1959,0
800,1960,0
800,1961,0
800,1962,0
800,1963,0
800,1964,0
800,1965,0
800,1966,0
800,1967,0
800,1968,0
800,1969,0
800,1970,0
800,1971,0
800,1972,0
800,1973,0
800,1974,0
800,1975,0
800,1976,0
800,1977,0
800,1978,0
800,1979,0
800,1980,0
800,1981,0
800,1982,0
800,1983,0
800,1984,0
800,1985,0
800,1986,0
800,1987,0
800,1988,0
811,1953,0
811,1954,0
811,1955,0
811,1956,0
811,1957,0
811,1958,0
811,1959,0
811,1960,0
811,1961,0
811,1962,0
811,1963,0
811,1964,0
811,1965,0
811,1966,0
811,1967,0
811,1968,0
811,1969,0
811,1970,0
811,1971,0
811,1972,0
811,1973,0
811,1974,0
811,1975,1
811,1976,1
811,1977,1
811,1978,1
811,1979,1
811,1980,0
811,1981,0
811,1982,0
811,1983,0
811,1984,0
811,1985,0
811,1986,0
811,1987,0
811,1988,0
812,1953,0
812,1954,0
812,1955,0
812,1956,0
812,1957,0
812,1958,0
812,1959,0
812,1960,0
812,1961,0
812,1962,0
812,1963,1
812,1964,1
812,1965,1
812,1966,0
812,1967,0
812,1968,0
812,1969,0
812,1970,0
812,1971,0
812,1972,0
812,1973,0
812,1974,0
812,1975,0
812,1976,0
812,1977,0
812,1978,0
812,1979,0
812,1980,0
812,1981,0
812,1982,0
812,1983,0
812,1984,0
812,1985,0
812,1986,0
812,1987,0
812,1988,0
816,1954,1
816,1955,0
816,1956,0
816,1957,0
816,1958,0
816,1959,0
816,1960,0
816,1961,0
816,1962,0
816,1963,0
816,1964,0
816,1965,0
816,1966,0
816,1967,0
816,1968,0
816,1969,0
816,1970,0
816,1971,0
816,1972,0
816,1973,0
816,1974,0
816,1975,0
816,1976,0
816,1977,0
816,1978,0
816,1979,0
816,1980,0
816,1981,0
816,1982,0
816,1983,0
816,1984,0
816,1985,0
816,1986,0
816,1987,0
816,1988,0
817,1954,0
817,1955,0
817,1956,0
817,1957,0
817,1958,0
817,1959,0
817,1960,0
817,1961,0
817,1962,0
817,1963,0
817,1964,0
817,1965,1
817,1966,1
817,1967,1
817,1968,1
817,1969,1
817,1970,1
817,1971,1
817,1972,1
817,1973,0
817,1974,0
817,1975,0
820,1957,0
820,1958,0
820,1959,0
820,1960,0
820,1961,0
820,1962,0
820,1963,0
820,1964,0
820,1965,0
820,1966,0
820,1967,0
820,1968,0
820,1969,0
820,1970,0
820,1971,0
820,1972,0
820,1973,0
820,1974,0
820,1975,0
820,1976,0
820,1977,0
820,1978,0
820,1979,0
820,1980,0
820,1981,0
820,1982,0
820,1983,0
820,1984,0
820,1985,0
820,1986,0
820,1987,0
820,1988,0
830,1965,0
830,1966,0
830,1967,0
830,1968,0
830,1969,0
830,1970,0
830,1971,0
830,1972,0
830,1973,0
830,1974,0
830,1975,0
830,1976,0
830,1977,0
830,1978,0
830,1979,0
830,1980,0
830,1981,0
830,1982,0
830,1983,0
830,1984,0
830,1985,0
830,1986,0
830,1987,0
830,1988,0
835,1984,0
835,1985,0
835,1986,0
835,1987,0
835,1988,0
840,1946,0
840,1947,0
840,1948,0
840,1949,0
840,1950,0
840,1951,0
840,1952,0
840,1953,0
840,1954,0
840,1955,0
840,1956,0
840,1957,0
840,1958,0
840,1959,0
840,1960,0
840,1961,0
840,1962,0
840,1963,0
840,1964,0
840,1965,0
840,1966,0
840,1967,0
840,1968,1
840,1969,1
840,1970,1
840,1971,1
840,1972,1
840,1973,1
840,1974,1
840,1975,1
840,1976,1
840,1977,1
840,1978,1
840,1979,1
840,1980,1
840,1981,1
840,1982,1
840,1983,1
840,1984,1
840,1985,1
840,1986,0
840,1987,0
840,1988,0
850,1949,0
850,1950,0
850,1951,0
850,1952,0
850,1953,0
850,1954,0
850,1955,0
850,1956,0
850,1957,0
850,1958,0
850,1959,0
850,1960,0
850,1961,0
850,1962,0
850,1963,0
850,1964,0
850,1965,1
850,1966,1
850,1967,0
850,1968,0
850,1969,0
850,1970,0
850,1971,0
850,1972,0
850,1973,0
850,1974,0
850,1975,1
850,1976,1
850,1977,1
850,1978,1
850,1979,1
850,1980,1
850,1981,1
850,1982,1
850,1983,1
850,1984,1
850,1985,1
850,1986,1
850,1987,1
850,1988,1
900,1943,0
900,1944,0
900,1945,0
900,1946,0
900,1947,0
900,1948,0
900,1949,0
900,1950,0
900,1951,0
900,1952,0
900,1953,0
900,1954,0
900,1955,0
900,1956,0
900,1957,0
900,1958,0
900,1959,0
900,1960,0
900,1961,0
900,1962,0
900,1963,0
900,1964,0
900,1965,0
900,1966,0
900,1967,0
900,1968,0
900,1969,0
900,1970,0
900,1971,0
900,1972,0
900,1973,0
900,1974,0
900,1975,0
900,1976,0
900,1977,0
900,1978,0
900,1979,0
900,1980,0
900,1981,0
900,1982,0
900,1983,0
900,1984,0
900,1985,0
900,1986,0
900,1987,0
900,1988,0
910,1975,0
910,1976,0
910,1977,0
910,1978,0
910,1979,0
910,1980,0
910,1981,0
910,1982,0
910,1983,0
910,1984,0
910,1985,0
910,1986,0
910,1987,0
910,1988,0
920,1943,0
920,1944,0
920,1945,0
920,1946,0
920,1947,0
920,1948,0
920,1949,0
920,1950,0
920,1951,0
920,1952,0
920,1953,0
920,1954,0
920,1955,0
920,1956,0
920,1957,0
920,1958,0
920,1959,0
920,1960,0
920,1961,0
920,1962,0
920,1963,0
920,1964,0
920,1965,0
920,1966,0
920,1967,0
920,1968,0
920,1969,0
920,1970,0
920,1971,0
920,1972,0
920,1973,0
920,1974,0
920,1975,0
920,1976,0
920,1977,0
920,1978,0
920,1979,0
920,1980,0
920,1981,0
920,1982,0
920,1983,0
920,1984,0
920,1985,0
920,1986,0
920,1987,0
920,1988,0
935,1981,0
935,1982,0
935,1983,0
935,1984,0
935,1985,0
935,1986,0
935,1987,0
935,1988,0
940,1978,0
940,1979,0
940,1980,0
940,1981,0
940,1982,0
940,1983,0
940,1984,0
940,1985,0
940,1986,0
940,1987,0
940,1988,0
950,1970,0
950,1971,0
950,1972,0
950,1973,0
950,1974,0
950,1975,0
950,1976,0
950,1977,0
950,1978,0
950,1979,0
950,1980,0
950,1981,0
950,1982,0
950,1983,0
950,1984,0
950,1985,0
950,1986,0
950,1987,0
950,1988,0
990,1976,0
990,1977,0
990,1978,0
990,1979,0
990,1980,0
990,1981,0
990,1982,0
990,1983,0
990,1984,0
990,1985,0
990,1986,0
990,1987,0
990,1988,0
